{
  "Q-Learning": {
    "agent_name": "Q_Learning_Agent",
    "mean_reward": 5267.761583389481,
    "std_reward": 2144.8761945928545,
    "mean_net_worth": 3401625.8597211046,
    "std_net_worth": 2511576.583363244,
    "mean_episode_length": 360.0,
    "bankruptcy_rate": 0.0,
    "episodes": 20
  },
  "DQN": {
    "agent_name": "DQN_Agent",
    "mean_reward": 5499.958542191209,
    "std_reward": 3777.9650061095817,
    "mean_net_worth": 3636756.580528514,
    "std_net_worth": 4394059.571171175,
    "mean_episode_length": 360.0,
    "bankruptcy_rate": 0.0,
    "episodes": 20
  }
}