Agent,Mean,Std,Median,Min,Max,CI_95_Lower,CI_95_Upper,Bankruptcy_Rate,Debt_Free_Rate
dqn,2340344.6444553053,60218.434475280636,2312514.55416033,2291282.726657195,2441072.453563263,2292883.731279635,2431921.279708351,0.0,1.0
age_based,2083841.775903079,54804.71596606691,2060020.5094727455,2040856.625577804,2176054.2938011056,2041918.6612972883,2167528.9112101044,0.0,1.0
equal_weight,2031384.7600946103,50552.952398701236,2010748.0426896145,1993226.9019094333,2116832.859490188,1993860.788886905,2108804.5960111357,0.0,1.0
markowitz,2009399.9098427244,48196.39301852797,1990545.8965251313,1973944.360009776,2091061.3014761363,1974338.5701895817,2083311.324267997,0.0,1.0
60_40,1953539.7618986168,48442.585663004415,1934498.8280956224,1917800.869029393,2035598.1982563788,1918220.209854086,2027819.0421142776,0.0,1.0
ppo,1782735.714930908,44516.986884945596,1766697.2151851277,1751548.0555990674,1858416.5699333749,1751563.7322457733,1851106.1041271216,0.0,1.0
debt_avalanche,1151289.2995545813,32785.97406151135,1144677.6131914328,1121874.082629346,1206946.31119421,1123125.799971192,1201107.4035458004,0.0,1.0
